"Song"|"Artists"|"Year"|"ArtistRank"|"SongsId"|"ArtistsId"|"albumID"
"Shape Of You"|"Ed Sheeran"|0|101|"7qiZfU4dY1lWllzX7mPBI3"|"6eUKZXaKkcviH0Ku9w2n3V"|"3T4tUhGYeRNVUGevb0wThu"
"Despacito"|"Luis Fonsi & Daddy Yankee"|0|101|"6rPO02ozF3bM7NnOV4h6s2"|"4V8Sr092TqfHkfAA5fXXqG,4VMYDCV2IEDYJArk749S6m,1uNFoZAHBGtllmzznpCI3s"|"3Gq2Dme9nesdgoqNNlcN8O"
"Perfect"|"Ed Sheeran"|0|101|"0tgVpDi06FyKpA1z0VMD4v"|"6eUKZXaKkcviH0Ku9w2n3V"|"3T4tUhGYeRNVUGevb0wThu"
"Old Town Road"|"Lil Nas X & Billy Ray Cyrus"|0|101|"501HQ7cfLQzN9OLwWHBYLr"|"21VBNkZvKxrI9zmfFRxXvn"|"2igEKAhUe9qhzmNpFcdGyA"
"Bad Guy"|"Billie Eilish"|0|101|"2Fxmhks0bxGSBdJ92vM42m"|"6qqNVTkY8uBg9cP3Jd7DAH"|"0S0KGZnfBGSIssfF54WSJh"
"Uptown Funk"|"Mark Ronson & Bruno Mars"|0|101|"3KotKQiUGfqfZiMLirjOXU"|"5RLEevluODNXyRkSZtbQyp"|"7av8kqW3kMZuBRmBhKcG68"
"Happy"|"Pharrell Williams"|0|101|"60nZcImufyMA1MKQY3dcCH"|"2RdwBSPQiwcmiDo9kixcl8"|"0lrmy4pJINsFzycJvttX2W"
"Havana"|"Camila Cabello & Young Thug"|0|101|"1NFhNjb7SAryYhFxSAzc9M"|"2QQVBYuFqkbV1je2L9aV1Z"|"4Gopg00abyHjg8IBPlw6I4"
"Girls Like You"|"Maroon 5 & Cardi B"|0|101|"2IGamyIQRBaelLlvkS2mMi"|"04T7QEqAiQBW12loi1g2CO"|"5pxeq4EsIoRRh9wwnS7JTW"
"Rolling In The Deep"|"Adele"|0|101|"1CkvWZme3pRgbzaxZnTl5X"|"4dpARuHxo51G3z768sgnrY"|"1azUkThwd2HfUDdeNeT147"
"Sunflower "|"Post Malone & Swae Lee"|0|101|"3KkXRkHbMCARz0aVfEt68P"|"246dkjvS1zLTtiykXe5h60,1zNqQNIdeOUZHb8zbZRFMX"|"35s58BRTGAEWztPo9WqCIs"
"Party Rock Anthem"|"LMFAO"|0|101|"0IkKz2J93C94Ei4BvDop7P"|"3sgFRtyBnxXD5ESfmbK4dl,2jLE4BoXHriQ96JagEtiDP,53sIBaVjXQhfH89Vu6nEGh"|"1MbBSfcqLg2OjkeZ1RMSIq"
"Cheap Thrills"|"Sia"|0|101|"3S4px9f4lceWdKf0gWciFu"|"5WUlDfRSoLAfcVSX1WnrxN"|"2eV6DIPDnGl1idcjww6xyX"
"Someone You Loved"|"Lewis Capaldi"|0|101|"7qEHsqek33rTcFNT9PFqLf"|"4GNC7GD6oZMSxPGyXy4MNB"|"5658aM19fA3JVwTK6eQX70"
"Closer"|"The Chainsmokers & Halsey"|0|101|"7Cgt4ni0JatxDNsWquErpn"|"1GLCgaGqre3Uu58IeEMekP"|"6ODrASxMXr31mTByNsdsX8"
"Cant Stop The Feeling"|"Justin Timberlake"|0|101|"1WkMMavIMc4JZ8cfMmxHkI"|"31TPClRtHm23RisEBtV3X7"|"65ayND23IInUPHJKsaAqe7"
"Somebody That I Used To Know"|"Gotye & Kimbra"|0|101|"2Z4M60cuFBD3WSkJiew3Ex"|"645l3YVzzk5iVwexdybKxP"|"3tB6WRH6ZoMxN676nUHCaa"
"Rockstar"|"Post Malone & 21 Savage"|0|101|"0e7ipj03S05BNilyu5bRzt"|"246dkjvS1zLTtiykXe5h60,1URnnhqYAYcrqrcwql10ft"|"6trNtQUgC8cgbWcqoMYkOR"
"Thinking Out Loud"|"Ed Sheeran"|0|101|"34gCuhDGsG4bRPIf9bb02f"|"6eUKZXaKkcviH0Ku9w2n3V"|"1xn54DMo2qIqBuMqHtUsFd"
"Happier"|"Marshmello & Bastille"|0|101|"3dz3Qo2P17oJkRZQJbVgjt"|"6bwIrnnuFWva1wqbOFAg7T"|"1sQDJmZQdELe4ldIvoOCIS"
"Shallow"|"Lady Gaga & Bradley Cooper"|0|101|"4cdfzw5XZc85qVz6GZMC9O"|"1R27XsnE5qpncebtrgxJqJ"|"1U1r8TvqrZjvgRuN18afwy"
"Without Me"|"Halsey"|0|101|"5p7ujcrUXASCNwRaWNHR1C"|"26VFTg2z8YR0cCuwLzESi2"|"0zzrCTzvL4ZmR42xF46Afm"
"All Of Me"|"John Legend"|0|101|"3U4isOIWM3VvDubwSI3y7a"|"5y2Xq6xcjJb2jVM54GHK3t"|"4OTAx9un4e6NfoHuVRiOrC"
"High Hopes"|"Panic! At the Disco"|0|101|"1rqqCSm0Qe4I9rUvWncaom"|"20JZFwl6HVl6yg8a4H3ZqK"|"6ApYSpXF8GxZAgBTHDzYge"
"Radioactive"|"Imagine Dragons"|0|101|"4G8gkOterJn0Ywt6uhqbhp"|"53XhwfbYqKCa1cC15pYq2q"|"6htgf3qv7vGcsdxLCDxKp8"
"Wake Me Up"|"Avicii"|0|101|"4h8VwCb1MTGoLKueQ1WgbD"|"1vCWHaC5f2uS3yhpwWbIA6"|"1s9tU91VJt4sU5owi29GD3"
"Senorita"|"Shawn Mendes & Camila Cabello"|0|101|"7j51JJNPTPc9pLxcrgZdFR"|"2i5GSJG12PicnskMwuoQ99"|"4l8ZZYF8a5PyLQvNyuTqRl"
"One Dance"|"Drake & WizKid & Kyla"|0|101|"0tKc9kUTcXBQJb2yRJmPgy"|"7oLi2IQ3ZGq4ZKL49bpHPE"|"5Qu0EK3UhkEzqFBlYtBtRA"
"Love Yourself"|"Justin Bieber"|0|101|"66exOsrqRezFaPHJo3gdYN"|"1uNFoZAHBGtllmzznpCI3s"|"1jgsx38jTGR2DdOh5Q6Ic7"
"Call Me Maybe"|"Carly Rae Jepsen"|0|101|"3TGRqZ0a2l1LRblBkJoaDx"|"6sFIWsNpZYqfjUpaCgueju"|"29blfJv8AddJrjuG3DpE13"
"Gods Plan"|"Drake"|0|101|"6DCZcSspjsKoFjzjrWoCdn"|"3TVXtAsR1Inumwj472S9r4"|"1ATL5GLyefJaxhQzSPVrLX"
"Blurred Lines"|"Robin Thicke & T.I. & Pharrell Williams"|0|101|"0d1URWdWqWstm2O0EsPMfs"|"0ZrpamOxcZybMHGg1AYtHP,4OBJLual30L7gRl5UkeRcT,2RdwBSPQiwcmiDo9kixcl8"|"1hfzFC0ysDMJy1yzRBYmCX"
"Lean On"|"Major Lazer & DJ Snake"|0|101|"5kISWfzPFTvhb7eUs35nMW"|"738wLrAtLtCtFOLvQBXOXp,0bdfiayQAKewqEvaU6rXCv,540vIaP2JwjQb9dm3aArA4,1vyhD5VmyZ7KMfW5gqLgo5,329e4yvIujISKGKz1BZZbO"|"7dGgwByFn57Fg9FVng8aZh"
"Counting Stars"|"OneRepublic"|0|101|"6sy3LkhNFjJWlaeSMNwQ62"|"5Pwc4xIPtQLFEnJriah9YJ"|"2bbhW5ifCwOYM8DMkqoYBF"
"Sweet But Psycho"|"Ava Max"|0|101|"25sgk305KZfyuqVBQIahim"|"4npEfmQ6YuiwW1GpUmaq3F"|"7CdLU3GgPy1PH5FVsrPlyA"
"Sorry"|"Justin Bieber"|0|101|"09CtPGIpYB4BrO8qb1RGsF"|"1uNFoZAHBGtllmzznpCI3s"|"6Fr2rQkZ383FcMqFyT7yPr"
"Dont Let Me Down"|"The Chainsmokers & Daya"|0|101|"4s2rzq6ZpCfg5ODq0z79QG"|"69GGBxA162lTqCwzJG5jLp,6Dd3NScHWwnW6obMFbl1BH,2rTo8KIkBTFjQS7VvaKYQ4"|"5yhNY3zM1Vx1oaL3GYTWIZ"
"Someone Like You"|"Adele"|0|101|"4kflIGfjdZJW4ot2ioixTB"|"4dpARuHxo51G3z768sgnrY"|"1azUkThwd2HfUDdeNeT147"
"Better Now"|"Post Malone"|0|101|"7dt6x5M1jzdTEt8oCbisTK"|"246dkjvS1zLTtiykXe5h60"|"6trNtQUgC8cgbWcqoMYkOR"
"Sicko Mode"|"Travis Scott"|0|101|"2xLMifQCjDGFmkHkpNLD9h"|"0Y5tJX1MQlPlqiwlOH1tJY"|"41GuZcammIkupMPKH2OJ6I"
"All I Want For Christmas Is You"|"Mariah Carey"|0|101|"4I5Hn34v6foGP3ta9Xx0rN"|"4iHNK0tOyZPYnBU7nGAgpQ,46sXMHr9eHJYyO6uu0Jdeh"|"0cS9prZ8u3fdbc7lmtCaMV"
"I Like It"|"Cardi B & Bad Bunny & J Balvin"|0|101|"03siYI6Rx1NfjjZ29632tj"|"0kTXWRWrCklyKtVkVGnzKr"|"1q758vfCOCLBzUBHoVUrhX"
"Chandelier"|"Sia"|0|101|"2s1sdSqGcKxpPr5lCl7jAV"|"5WUlDfRSoLAfcVSX1WnrxN"|"6FdNvoO5sF4EKwCX9je1MH"
"Take Me To Church"|"Hozier"|0|101|"1CS7Sd1u5tWkstBhpssyjP"|"2FXC3k01G6Gw61bmprjgqS"|"4Pv7m8D82A1Xun7xNCKZjJ"
"Thunder"|"Imagine Dragons"|0|101|"1zB4vmk8tFRmM9UULNzbLB"|"53XhwfbYqKCa1cC15pYq2q"|"33pt9HBdGlAbRGBHQgsZsU"
"Eastside"|"Benny Blanco & Halsey & Khalid"|0|101|"0d2iYfpKoM0QCKvcLCkBao"|"5CiGnKThu5ctn9pBxv7DGa,26VFTg2z8YR0cCuwLzESi2,6LuN9FCkKOj5PcnpouEgny"|"7pkLXlFdpQDfmHujT2AbBK"
"I Dont Care"|"Ed Sheeran & Justin Bieber"|0|101|"2Xqm0jHnkvjzrkkVRInzUB"|"6eUKZXaKkcviH0Ku9w2n3V,1uNFoZAHBGtllmzznpCI3s,2oZcMYiKpjaA2Et5mU3RPP,1gWjcmBsveEYMxOZ0VRi32"|"1alDPx3BdkU4YBHRZ8gGLu"
"Cheerleader"|"OMI"|0|101|"023OVLNzXhX0j7CxswUt6D"|"5MouCg6ta7zAxsfMEbc1uh"|"1QwWTLYn9dntAj7l9FRJwY"
"Moves Like Jagger"|"Maroon 5 & Christina Aguilera"|0|101|"1IWL6h4WtdXxl0BObVU8tg"|"0DvX5hMrYAqgGZoJwBEDif"|"07xfxbrzxmVqgnAQo26lcv"
"Unforgettable"|"French Montana & Swae Lee"|0|101|"3ESURCQuDWDui99W8IFdoN"|"6vXTefBL93Dj5IqAWq6OTv,4iHNK0tOyZPYnBU7nGAgpQ,1zNqQNIdeOUZHb8zbZRFMX"|"4Nkq2k3PFRCKISQRA3W6EE"
"All About That Bass"|"Meghan Trainor"|0|101|"5jE48hhRu8E6zBDPRSkEq7"|"6JL8zeS1NmiOftqZTRgdTz"|"5W98Ab4VvQEuFEE4TIe5fE"
"Stressed Out"|"Twenty One Pilots"|0|101|"3CRDbSIZ4r5MsZ0YwxuEkn"|"3YQKmKGau1PzlVlkL1iodx"|"3cQO7jp5S9qLBoIVtbkSM1"
"Something Just Like This"|"The Chainsmokers & Coldplay"|0|101|"1dNIEtp7AY3oDAKCGg2XkH"|"69GGBxA162lTqCwzJG5jLp,4gzpq5DPGxSnKTe4SA8HAU"|"7IzpJkWQqgz1BTutQvSitX"
"See You Again"|"Wiz Khalifa & Charlie Puth"|0|101|"1MtofpQlRlBBJVFSAabjfz"|"0nhNFtY0BOmeasjTVoPccL"|"4R34H656RK9DEqSKs78mYO"
"Stay With Me"|"Sam Smith"|0|101|"5Nm9ERjJZ5oyfXZTECKmRt"|"2wY79sveU1sp5g7SokKOiI"|"08jWgM4vSkTose4blKBWov"
"Wow."|"Post Malone"|0|101|"7xQAfvXzm3AkraOtGPWIZg"|"246dkjvS1zLTtiykXe5h60"|"4g1ZRSobMefqF6nelkgibi"
"We Found Love"|"Rihanna & Calvin Harris"|0|101|"1AVzhermqEkBuxL3TDaxlG"|"4MGF2Bv7ztglIuREIVMOie"|"3tB6WRH6ZoMxN676nUHCaa"
"Sucker"|"Jonas Brothers"|0|101|"22vgEDb5hykfaTwLuskFGD"|"7gOdHgIoIKoe4i9Tta6qdD"|"1Uf67JAtkVWfdydzFFqNF2"
"Thrift Shop"|"Macklemore & Ryan Lewis"|0|101|"4YMqbFcDIFiCBd02PzUBcM"|"5BcAKTbp20cv7tC5VqPFoC,56xTxG4nQMAs1GW9kvn0uA"|"6XO9dbsH9zhuQgFGH0hUrb"
"Lucid Dreams "|"Juice WRLD"|0|101|"285pBltuF7vW8TeWk8hdRR"|"4MCBfE4596Uoi2O4DtmEMz"|"6tkjU4Umpo79wwkgPMV3nZ"
"Shake It Off"|"Taylor Swift"|0|101|"5xTtaWoae3wi06K5WfVUUH"|"06HL4z0CvFAxyc27GXpf02"|"2QJmrSgbdM35R67eoGQo4j"
"New Rules"|"Dua Lipa"|0|101|"2ekn2ttSfGqwhhate0LSR0"|"6M2wZ9GZgrQXHCFfjv46we"|"01sfgrNbnnPUEyz6GZYlt9"
"Dark Horse"|"Katy Perry"|0|101|"5jrdCoLpJSvHHorevXBATy"|"6jJ0s89eD6GaHleKKya26X,5gCRApTajqwbnHHPbr2Fpi"|"5MQBzs5YlZlE28mD9yUItn"
"7 Rings"|"Ariana Grande"|0|101|"6ocbgoVGwYJhOv1GgI9NsF"|"66CXWjxzNUsdJxJ2JdwvnR"|"2fYhqwDWXjbpjaIJPEfKFw"
"Let Her Go"|"Passenger"|0|101|"0JmiBCpWc1IAc0et7Xm7FL"|"0gadJ2b9A4SKsB1RFkBb66"|"0yWveEIgWbV3oPq4ZA6BAj"
"Stitches"|"Shawn Mendes"|0|101|"6QG15YFOwZGgs4K8sCEWwI"|"7n2wHs1TKAczGzO7Dd2rGr"|"1jgsx38jTGR2DdOh5Q6Ic7"
"Give Me Everything"|"Pitbull & Ne-Yo & Afrojack & Nayer"|0|101|"7rIhVsWn8W82shpRiPDrXc"|"0TnOYISbd1XYRBk9myaseg,21E3waRsmPlU7jZsS13rcj,4D75GcNG95ebPtNvoNVXhz,1ruutHJcECI7cos2n5TqpO"|"1webHYaeCy8j9smqS23sgE"
"The Hills"|"The Weeknd"|0|101|"7fBv7CLKzipRk6EC6TWHOB"|"1Xyo4u8uXC1ZmMpatF05PJ"|"0P3oVJBFOv3TDXlYRhGL7s"
"Feel It Still"|"Portugal & The Man"|0|101|"6QgjcU0zLnzq5OrUoSZ3OK"|"4kI8Ie27vjvonwaB2ePh8T"|"4VzzEviJGYUtAeSsJlI9QB"
"Hello"|"Adele"|0|101|"4sPmO7WMQUAf45kwMOtONw"|"4dpARuHxo51G3z768sgnrY"|"0K4pIOOsfJ9lK8OjrZfXzd"
"Believer"|"Imagine Dragons"|0|101|"0pqnGHJpmpxLKifKRmU6WP"|"53XhwfbYqKCa1cC15pYq2q"|"33pt9HBdGlAbRGBHQgsZsU"
"Starboy"|"The Weeknd & Daft Punk"|0|101|"75FO3b71XsGSsw5rNZBvaJ"|"5sfkoJtNBG2mW5kRnMCLGW"|"0mF5Yr45RAnEUOnq8MePL6"
"Truth Hurts"|"Lizzo"|0|101|"3HWzoMvoF3TQfYg4UPszDq"|"56oDRnqbIiwx4mymNEv7dS"|"2KJjOBX280F3hZZE1xO33O"
"Get Lucky"|"Daft Punk & Pharrell Williams"|0|101|"2Foc5Q5nqNiosCNqttzHof"|"4tZwfgrHOc3mvqYlEYSvVi,2RdwBSPQiwcmiDo9kixcl8,3yDIp0kaq9EFKe07X1X2rz"|"2ePFIvZKMe8zefATp9ofFA"
"Talk"|"Khalid"|0|101|"6TqXcAFInzjp0bODyvrWEq"|"6LuN9FCkKOj5PcnpouEgny,6nS5roXSAGhTGr34W6n7Et"|"6KT8x5oqZJl9CcnM66hddo"
"Thats What I Like"|"Bruno Mars"|0|101|"0KKkJNfGyhkQ5aFogxQAPU"|"0du5cEVh5yTK9QJze8zA0C"|"4PgleR09JVnm3zY1fW3XBA"
"Let Me Love You"|"DJ Snake & Justin Bieber"|0|101|"1LcxOZGMdAuScNbIN2Fvcq"|"540vIaP2JwjQb9dm3aArA4,1uNFoZAHBGtllmzznpCI3s"|"7AXMTCR9Ufyj64Q02H8xFa"
"Dancing With A Stranger"|"Sam Smith & Normani"|0|101|"7qnQmA1Uz9JWS45HXW9Dr0"|"21VBNkZvKxrI9zmfFRxXvn"|"2bKYYRLVIKvpJgRfP0vxor"
"Seven Years"|"Lukas Graham"|0|101|"5kqIPrATaCc2LqxVWzQGbk"|"25u4wHJWxCA9vO0CzxAbK7"|"4rFrdkSWs0dtj0rWPzOk1v"
"Cant Hold Us"|"Macklemore & Ryan Lewis"|0|101|"3bidbhpOYeV4knp8AIu8Xn"|"5BcAKTbp20cv7tC5VqPFoC"|"76FXHQhTuT4QMIxfL09gX8"
"Meant To Be"|"Bebe Rexha & Florida Georgia Line"|0|101|"42kmdp1KzEsL8cCAkMtXqW"|"2Z88fKsL22PDUEVWwAR1RT"|"1dXUZoIxXsldVM0Wbe68lU"
"Heathens"|"Twenty One Pilots"|0|101|"6i0V12jOa3mr6uu4WYhUBr"|"3YQKmKGau1PzlVlkL1iodx"|"3J8W9AOjQhnBLCX33m3atT"
"What Do You Mean?"|"Justin Bieber"|0|101|"5LdWrwBqxsfglKNZZyEqeH"|"1uNFoZAHBGtllmzznpCI3s"|"6AQuLpzLuekamxz639RbS6"
"Gangnam Style"|"Psy"|0|101|"03UrZgTINDqvnUMbbIMhql"|"2dd5mrQZvg6SmahdgVKDzh"|"0ZjxizLeMyFEjR27JIvD99"
"Diamonds"|"Rihanna"|0|101|"1z9kQ14XBSN0r2v6fx4IdG"|"5pKCCKE2ajJHZ9KAiaK11H"|"0T23GvNaBUGtMKxZko8LQG"
"Say You Wont Let Go"|"James Arthur"|0|101|"5uCax9HTNlzGybIStD3vDh"|"4IWBUUAFIplrNtaOHcJPRM"|"7oiJYvEJHsmYtrgviAVIBD"
"I Took A Pill In Ibiza"|"Mike Posner"|0|101|"1MtUq6Wp1eQ8PC6BbPCj8P"|"2KsP6tYLJlTBvSUxnwlVWa,5iNrZmtVMtYev5M9yoWpEq"|"1Tz3Ai1guEFf4hV3d9i17K"
"Cant Feel My Face"|"The Weeknd"|0|101|"22VdIZQfgXJea34mQxlt81"|"1Xyo4u8uXC1ZmMpatF05PJ"|"0P3oVJBFOv3TDXlYRhGL7s"
"Ho Hey"|"The Lumineers"|0|101|"0W4Kpfp1w2xkY3PrV714B7"|"16oZKvXb6WkQlVAjwo2Wbg"|"6NWYmlHxAME5KXtxrTlUxW"
"Sexy And I Know It"|"LMFAO"|0|101|"0obBFrPYkSoBJbvHfUIhkv"|"3sgFRtyBnxXD5ESfmbK4dl"|"5EuNq3rYUESwy6Vcsz2PZe"
"Just The Way You Are "|"Bruno Mars"|0|101|"7BqBn9nzAq8spo5e7cZ0dJ"|"0du5cEVh5yTK9QJze8zA0C"|"1uyf3l2d4XYwiEqAb7t7fX"
"Set Fire To The Rain"|"Adele"|0|101|"3CKCZ9pfwAfoMZlMncA1Nc"|"4dpARuHxo51G3z768sgnrY"|"1azUkThwd2HfUDdeNeT147"
"Timber"|"Pitbull & Kesha"|0|101|"7eSk77HzUP1TXa6SggzBd4"|"7JfutRemdlJGyQsIZ7wWQ9"|"6JPhSqAv4HznUPsx84I8k2"
"Titanium"|"David Guetta & Sia"|0|101|"15WeV0oOVVd6gOToPV9sHe"|"3oFN8v5u9ernYA3HWD2Lpn"|"6uiBjNYZoyHkS5orWlznjs"
"Youngblood"|"5 Seconds of Summer"|0|101|"2iUXsYOEPhVqEBwsqP70rE"|"5Rl15oVamLq7FbSb0NNBNy"|"2D0Hi3Jj6RFnpWDcSa0Otu"
"Love Me Like You Do"|"Ellie Goulding"|0|101|"0wLTjoJqIynvuBKoZ6Btd5"|"0X2BH1fck6amBIoJhDVmmJ"|"78c4ya8kpcsfYmasKV4NfJ"
"This Is What You Came For"|"Rihanna & Calvin Harris"|0|101|"0X8B6tAgRehep6SjvRJ9Vs"|"7oLi2IQ3ZGq4ZKL49bpHPE"|"7xD5deIhTAoendwvPCepsJ"
"Shut Up & Dance"|"Walk the Moon"|0|101|"4kbj5MwxO1bq9wjT5g9HaA"|"6DIS6PRrLS3wbnZsf7vYic"|"3mNoFlD1wsoXfkljfFzExT"
"Work"|"Rihanna & Drake"|0|101|"66GNWMtMZ6y1QmmWCpAyu6"|"7BcV5c6JjOzFGeskre5uFa"|"37IpeajO2tcmKV5oOgKw0N"
"On The Floor"|"Jennifer Lopez & Pitbull"|0|101|"5BquelUWWBH9Qlm67Xzetq"|"72anORkQ1Vf7j1LedlMVHj"|"3pxY4KuOvdLAGfBo2uNb3y"
